threshold,total_profit,sharpe_ratio,num_trades,no_trades
0.0,"[18.940698423084093, 18.964817144724194, 19.259119534577152, 20.46784338081796]","[0.08892367370335068, 0.09112708024226007, 0.09614342397613769, 0.10936267763728937]","[14738, 13961, 13059, 11233]","[0, 777, 1679, 3505]"
0.00025,"[28.71822611365711, 29.312719560426416, 29.26323867900536, 29.597138833557892]","[0.135525459199372, 0.14246891325898361, 0.1467523488190287, 0.156508532398912]","[14738, 13852, 12916, 11120]","[0, 886, 1822, 3618]"
0.0005,"[24.95572147945393, 24.567652497991705, 23.310579433530993, 10.16959683148295]","[0.17264376017681946, 0.17597331905934868, 0.17369603249641496, 0.10432592944838838]","[5596, 4983, 4678, 1528]","[9142, 9755, 10060, 13210]"
0.001,"[6.739425786547448, 7.573829744391785, 7.396930935585346, 7.146648109569441]","[0.031531873434222146, 0.036534832663948025, 0.03670825357185161, 0.03794300930295524]","[14738, 13966, 13109, 11253]","[0, 772, 1629, 3485]"
