threshold,total_profit,sharpe_ratio,num_trades,no_trades
0.0,"[21.02674822217522, 21.381828741753253, 20.166185806140824, 18.551544465966597]","[0.030863702858326295, 0.031744737068432116, 0.030433491489000153, 0.02863667214646379]","[19246, 18726, 18184, 17170]","[0, 520, 1062, 2076]"
0.00025,"[31.537367990470035, 31.893938023385548, 31.364939376977887, 30.04896795215827]","[0.04631908722316893, 0.04735512181840958, 0.04690160749325602, 0.04569948782524047]","[19246, 18758, 18297, 17461]","[0, 488, 949, 1785]"
0.0005,"[60.713562349100535, 57.35380050662595, 42.958277028233596, 18.364813799369585]","[0.12494999768930912, 0.12401618360075303, 0.10419911080918921, 0.05994927225429078]","[8684, 7017, 3966, 1305]","[10562, 12229, 15280, 17941]"
0.001,"[375.16205075236917, 363.8734752608914, 294.485468780745, 157.9959426264381]","[0.6592607588229005, 0.6377564620469147, 0.49625007973523233, 0.2717646108477585]","[16743, 13858, 7918, 2649]","[2503, 5388, 11328, 16597]"
