threshold,total_profit,sharpe_ratio,num_trades,no_trades
0.0,"[28.024892075136844, 27.447989855676354, 27.27265475874169, 24.33759184201397]","[0.0673390621833465, 0.07151941008381124, 0.07666539473606095, 0.08261119867758471]","[19018, 16411, 13791, 8796]","[0, 2607, 5227, 10222]"
0.00025,"[53.060046579975214, 52.12402812475767, 52.01909178108987, 46.71062314612173]","[0.12824805651405594, 0.1328497212642414, 0.14023064363511653, 0.14314651106886128]","[19018, 16658, 14384, 10232]","[0, 2360, 4634, 8786]"
0.0005,"[52.857716081419184, 44.965581501704285, 32.02332588250873, 12.673260733555438]","[0.1628274072587848, 0.16079903597562198, 0.13684943499223576, 0.0840729615911976]","[10399, 7119, 3976, 1122]","[8619, 11899, 15042, 17896]"
0.001,"[-6.272012172102671, -7.951171274150346, -6.741637689408859, -6.793223347946243]","[-0.015038228183518406, -0.020512548679864216, -0.01937255729311175, -0.02377178309450308]","[19018, 16333, 13621, 8685]","[0, 2685, 5397, 10333]"
