threshold,total_profit,sharpe_ratio,num_trades,no_trades
0.0,"[1.9646472533128942, 2.001264864683876, 2.1308806332650945, 2.839444130116273]","[0.004704878155405356, 0.004804806957983262, 0.005186730892003422, 0.00698859370308993]","[19040, 19018, 18996, 18883]","[0, 22, 44, 157]"
0.00034665,"[5.137242086814422, 5.374640255704411, 4.804296284177613, 5.4465392403964765]","[0.012303307764227386, 0.012928749919251706, 0.011605361656588093, 0.01334307266635185]","[19040, 18962, 18875, 18640]","[0, 78, 165, 400]"
0.0006933,"[39.800057561696605, 32.58566590676555, 22.265434468985923, 8.130404928809776]","[0.1380254247432681, 0.13404943538640496, 0.11454221114489466, 0.060967643304992054]","[9213, 5522, 2635, 544]","[9827, 13518, 16405, 18496]"
0.00138659,"[264.8367465001111, 229.42854041744093, 155.85407021656002, 50.593073707923885]","[0.8202952127278711, 0.709613041636654, 0.47780834157720564, 0.19346144592612666]","[18267, 10970, 5295, 1059]","[773, 8070, 13745, 17981]"
