threshold,total_profit,sharpe_ratio,num_trades,no_trades
0.0,"[2.8087873075694207, 2.305503609218459, 2.3128626969871067, 3.395032926365294]","[0.0067339420764144535, 0.005602659430533346, 0.0056606049072227245, 0.008394756191655226]","[19018, 18971, 18922, 18764]","[0, 47, 96, 254]"
0.00025,"[6.686921883853166, 7.080059598474196, 7.5490593520832325, 9.696803564030395]","[0.016033293394542677, 0.017087117949598475, 0.018375081344373823, 0.02401620412053081]","[19018, 18871, 18729, 18325]","[0, 147, 289, 693]"
0.0005,"[40.16458187571085, 36.031044036529416, 28.00560594162436, 14.701342371662328]","[0.1392947911085934, 0.1391095506680284, 0.12777373593017335, 0.09001828252999873]","[9228, 6806, 3989, 1305]","[9790, 12212, 15029, 17713]"
0.001,"[264.4500735961582, 253.14337633583358, 199.44607279081052, 97.01043310141333]","[0.8198124565614583, 0.8039902973992207, 0.6058006792085299, 0.32016117062863814]","[18245, 13458, 7941, 2600]","[773, 5560, 11077, 16418]"
