threshold,total_profit,sharpe_ratio,num_trades,no_trades
0.0,"[43.08023439190081, 42.17015345985918, 39.66191106899275, 32.11194736212]","[0.06333101071148911, 0.06330397705654871, 0.060935819947020436, 0.05140675063930115]","[19246, 18005, 16898, 15224]","[0, 1241, 2348, 4022]"
0.00025,"[57.29792723372132, 56.90099807496527, 55.93629386145851, 56.28312998381809]","[0.08436222732887724, 0.08534932810493005, 0.08534241305565693, 0.08897388024007007]","[19246, 18250, 17316, 15442]","[0, 996, 1930, 3804]"
0.0005,"[70.93632642663245, 65.5602744483274, 50.13387089085644, 22.308419301258603]","[0.1338708548912313, 0.12886704252125689, 0.10834539915094955, 0.05985686755528555]","[9278, 7320, 4113, 1330]","[9968, 11926, 15133, 17916]"
0.001,"[375.16205075236917, 363.8734752608914, 294.485468780745, 157.9959426264381]","[0.6592607588229005, 0.6377564620469147, 0.49625007973523233, 0.2717646108477585]","[16743, 13858, 7918, 2649]","[2503, 5388, 11328, 16597]"
