threshold,total_profit,sharpe_ratio,num_trades,no_trades
0.0,"[40.857767544518985, 38.77659810307963, 32.04337526666285, 29.754706890882815]","[0.06007742500118122, 0.05911601468642991, 0.05038956426519161, 0.05034145045255255]","[19234, 17271, 15795, 13654]","[0, 1963, 3439, 5580]"
0.00044193,"[53.72924408188262, 51.93606123134817, 51.12409106715493, 52.77471696977357]","[0.07910788157038118, 0.07876012929987204, 0.07964170330623627, 0.08766664148008729]","[19234, 17677, 16250, 13353]","[0, 1557, 2984, 5881]"
0.00088387,"[70.04362910206483, 51.21488432070256, 27.30930297471547, 8.264704646243159]","[0.13263762966139545, 0.10973572416906159, 0.07139251622732708, 0.02969232658946831]","[9207, 4383, 1767, 330]","[10027, 14851, 17467, 18904]"
0.00176773,"[374.9782418102043, 301.46567143780857, 186.69500375571715, 70.35389747631459]","[0.6592005272385384, 0.5089192107894763, 0.31662674978001987, 0.13389087800781466]","[16733, 8361, 3489, 673]","[2501, 10873, 15745, 18561]"
