threshold,total_profit,sharpe_ratio,num_trades,no_trades
0.0,"[38.74373611567042, 35.09474557000065, 29.960907381021606, 22.955899935813694]","[0.05695858386435981, 0.05472344942946158, 0.04800269670424705, 0.03896883232324043]","[19234, 17483, 16100, 14255]","[0, 1751, 3134, 4979]"
0.00044193,"[49.909208262693504, 47.52790476678478, 44.57325290172204, 38.45189518510105]","[0.07345196542901185, 0.07165719255398288, 0.06876307228543492, 0.062005685842149244]","[19234, 17895, 16686, 14600]","[0, 1339, 2548, 4634]"
0.00088387,"[69.19563096309638, 49.201039178132774, 25.904245719771485, 7.028429711892016]","[0.1324458513927428, 0.1129351185099126, 0.07500323501138911, 0.03162210482671017]","[9060, 4342, 1724, 314]","[10174, 14892, 17510, 18920]"
0.00176773,"[374.9782418102043, 301.46567143780857, 186.69500375571715, 70.35389747631459]","[0.6592005272385384, 0.5089192107894763, 0.31662674978001987, 0.13389087800781466]","[16733, 8361, 3489, 673]","[2501, 10873, 15745, 18561]"
