threshold,total_profit,sharpe_ratio,num_trades,no_trades
0.0,"[31.70713231060753, 13.44303223809953, 6.438501139969276, 8.074914224772751]","[0.04658886345372991, 0.02173437430804041, 0.010756824957789124, 0.014195892165836905]","[19234, 15055, 14540, 14325]","[0, 4179, 4694, 4909]"
0.00044193,"[44.843923906587655, 39.82294404619321, 31.3625609249215, 23.222638792696888]","[0.06596305036792288, 0.060729117176195536, 0.04926209868800841, 0.03909458971989947]","[19234, 17332, 15884, 14269]","[0, 1902, 3350, 4965]"
0.00088387,"[65.68110953854901, 37.370591466215174, 15.453232162321138, 3.7430905266137686]","[0.13360503423375153, 0.09418158790334058, 0.052887061007439354, 0.019663677793103043]","[9368, 3448, 1216, 225]","[9866, 15786, 18018, 19009]"
0.00176773,"[374.9782418102043, 301.46567143780857, 186.69500375571715, 70.35389747631459]","[0.6592005272385384, 0.5089192107894763, 0.31662674978001987, 0.13389087800781466]","[16733, 8361, 3489, 673]","[2501, 10873, 15745, 18561]"
