threshold,total_profit,sharpe_ratio,num_trades,no_trades
0.0,"[31.68712028365887, 22.57142908430698, 11.541120076722601, 6.754634812505245]","[0.04653950440121776, 0.035099949882036505, 0.018835602249796333, 0.01132486435760327]","[19246, 16080, 14919, 14517]","[0, 3166, 4327, 4729]"
0.00025,"[44.82391187963899, 42.8313892765193, 38.892897352793604, 29.551892062638753]","[0.06590525709218184, 0.0642108641217895, 0.05950077491754783, 0.0468442789650532]","[19246, 18148, 17121, 15622]","[0, 1098, 2125, 3624]"
0.0005,"[65.70109783879923, 54.40577895917082, 34.65242815267448, 13.012052715993372]","[0.1335937344338568, 0.12126950121906793, 0.08991851406293186, 0.04589780548480784]","[9373, 6270, 3157, 936]","[9873, 12976, 16089, 18310]"
0.001,"[375.16205075236917, 363.8734752608914, 294.485468780745, 157.9959426264381]","[0.6592607588229005, 0.6377564620469147, 0.49625007973523233, 0.2717646108477585]","[16743, 13858, 7918, 2649]","[2503, 5388, 11328, 16597]"
