model,mae,rmse,mape,smape,r2,directional_accuracy
lstm,0.002571109670291062,0.003010788640510082,0.0030633631529369634,0.0030571995989652607,0.8528851976654309,0.35695347023654794
nbeats,0.00430214417983092,0.005258600640317145,0.005131219412201418,0.005111889797159114,0.5512171885730182,0.3760332726800104
nhits,0.004224988027202698,0.005028918682380709,0.005033477900556126,0.005016999495059163,0.5895643640311687,0.37956849493111516
random_forest,0.0037126624341188037,0.004558446713511359,0.004428625254154274,0.004413968054112211,0.6627673619810567,0.279958409149987
tcn,0.0016764681515349792,0.002007459929392182,0.0019957566418958355,0.0019933466230683075,0.9345982144482596,0.3347023654795945
tft,0.010900823385267737,0.01235545994048359,0.012986382048136676,0.01287972205035149,-1.4775000326206857,0.4319209773849753
transformer,0.004944711275730571,0.005713873988142414,0.0058938764943321995,0.005870948700439379,0.4701448599613499,0.33173901741616846
