model,mae,rmse,mape,smape,r2,directional_accuracy
lstm,0.0023149595708395654,0.0027290540982693127,0.0027579536618160226,0.002752931387831014,0.8790597030461681,0.35579570842209174
nbeats,0.004981128292366966,0.006024710818247532,0.00594154572280352,0.005915986204045653,0.4105877566126358,0.3526263833324674
nhits,0.003848997075269657,0.004673582986811634,0.00458657167047668,0.004572220043124552,0.6453118669391347,0.40073777731594534
random_forest,0.0037124654389469247,0.0045578447487969725,0.004428382233864769,0.004413728903543796,0.6626615873984301,0.27999168701615834
tcn,0.003941902443271567,0.004580406733560587,0.004698518502745227,0.004684048741986658,0.6593135743019107,0.33153218683431185
tft,0.004897522975570707,0.006055800037504851,0.005836990852793072,0.005811675927129811,0.4044889922104822,0.43689925702706917
transformer,0.006047669634787665,0.006881855885235607,0.007207332456114282,0.007173860328624947,0.23094413522394175,0.3404166883150621
