threshold,total_profit,sharpe_ratio,num_trades,no_trades
0.0,"[41.123908215678135, 18.52969257133967, 4.429889196726621, 1.5006666671033393]","[0.09907317292533559, 0.064484112300119, 0.019455322183876578, 0.007343836011711748]","[19018, 7975, 5820, 5326]","[0, 11043, 13198, 13692]"
0.00025,"[58.63643853296778, 55.08644469684345, 46.731862309710856, 26.78763287319953]","[0.1419849614919381, 0.1436899234558933, 0.13226298563204303, 0.08950750123144095]","[19018, 15443, 12231, 7982]","[0, 3575, 6787, 11036]"
0.0005,"[59.229376068197524, 26.740215247110434, 11.058116539621468, 4.924937271975115]","[0.16947708818608978, 0.11294207100568808, 0.07034664698580928, 0.047488186493988185]","[12384, 4163, 1611, 462]","[6634, 14855, 17407, 18556]"
0.001,"[-50.62542413111978, -43.633457680252214, -30.779808917393975, -12.426837328024144]","[-0.12227335820491511, -0.11953445412551958, -0.09929567121087393, -0.05030465027602377]","[19018, 13395, 9655, 6444]","[0, 5623, 9363, 12574]"
