threshold,total_profit,sharpe_ratio,num_trades,no_trades
0.0,"[9.244409280149577, 9.199756699497234, 8.809203644350355, 8.89131552676577]","[0.04327095216904157, 0.0435842087023713, 0.04228128415580932, 0.0439420171251627]","[14738, 14303, 13922, 13075]","[0, 435, 816, 1663]"
0.00025,"[14.260205930419673, 13.68589885108567, 14.025721563350958, 13.571906800327694]","[0.06683511587264578, 0.06494371286171308, 0.06742307692869905, 0.06683408454173731]","[14738, 14356, 13982, 13158]","[0, 382, 756, 1580]"
0.0005,"[20.836953286028663, 20.88131499335452, 20.325651512152977, 8.876116034363546]","[0.14791651913615103, 0.15297892177265948, 0.150951531811494, 0.08707868386549185]","[5330, 4868, 4717, 1498]","[9408, 9870, 10021, 13240]"
0.001,"[3.4371320030871697, 2.8845694135752455, 3.5060965647770788, 3.529570101145555]","[0.016075459869598355, 0.013703595257556767, 0.017235741641810826, 0.017772782671513214]","[14738, 14310, 13913, 13079]","[0, 428, 825, 1659]"
