threshold,total_profit,sharpe_ratio,num_trades,no_trades
0.0,"[20.02487741638664, 22.928759726098356, 27.036244366805203, 21.643281663797946]","[0.029404369606758924, 0.03645345253210989, 0.045863117630500036, 0.04607926562166029]","[19234, 17637, 15071, 6989]","[0, 1597, 4163, 12245]"
0.00044193,"[53.59384020020594, 54.271517373552044, 56.67571167734998, 51.546908600452824]","[0.07890727772933175, 0.08362657301680894, 0.09164286753313877, 0.09416477247419656]","[19234, 17061, 14531, 8398]","[0, 2173, 4703, 10836]"
0.00088387,"[60.84700672673892, 42.10878253095134, 20.708022896362408, 3.731079708638278]","[0.11848803200444422, 0.10108892574129164, 0.06459161868810133, 0.023658438553535163]","[8605, 4014, 1462, 158]","[10629, 15220, 17772, 19076]"
0.00176773,"[374.9782418102043, 301.46567143780857, 186.69500375571715, 70.35389747631459]","[0.6592005272385384, 0.5089192107894763, 0.31662674978001987, 0.13389087800781466]","[16733, 8361, 3489, 673]","[2501, 10873, 15745, 18561]"
