threshold,total_profit,sharpe_ratio,num_trades,no_trades
0.0,"[15.146554229798564, 16.158470778492788, 17.175472394694477, 18.059644238409003]","[0.022227481999523187, 0.02416989340026639, 0.026038595027859032, 0.028261894459708246]","[19246, 18595, 17861, 16062]","[0, 651, 1385, 3184]"
0.00025,"[35.95051049709779, 35.31469295489919, 34.93049406001838, 31.80970152547214]","[0.05281766050736214, 0.052412628047947316, 0.052841219244906285, 0.04939840866548982]","[19246, 18596, 17940, 16604]","[0, 650, 1306, 2642]"
0.0005,"[58.62740691540706, 54.79825179330584, 41.054354582081004, 17.942497091520597]","[0.12113866911676867, 0.11915519866199589, 0.09938888039989933, 0.05738726927112861]","[8677, 6916, 3862, 1227]","[10569, 12330, 15384, 18019]"
0.001,"[375.16205075236917, 363.8734752608914, 294.485468780745, 157.9959426264381]","[0.6592607588229005, 0.6377564620469147, 0.49625007973523233, 0.2717646108477585]","[16743, 13858, 7918, 2649]","[2503, 5388, 11328, 16597]"
