threshold,total_profit,sharpe_ratio,num_trades,no_trades
0.0,"[25.102032229075515, 26.19273144990975, 26.818823705558543, 31.185053830600193]","[0.03685299306216934, 0.038823883158543605, 0.04017969290534505, 0.04819360461600296]","[19246, 18867, 18425, 17250]","[0, 379, 821, 1996]"
0.00025,"[41.76043230351019, 42.3202339399486, 43.08563508630777, 46.31785744735569]","[0.061383381207747605, 0.06294421471890657, 0.06499153449058447, 0.0719099821380612]","[19246, 18679, 18103, 16852]","[0, 567, 1143, 2394]"
0.0005,"[63.33797626862137, 60.49255924697635, 46.39628745080417, 21.946323154825883]","[0.12222629732339634, 0.120714523260547, 0.10124948605903542, 0.059624509704338746]","[8701, 7055, 4018, 1319]","[10545, 12191, 15228, 17927]"
0.001,"[375.16205075236917, 363.8734752608914, 294.485468780745, 157.9959426264381]","[0.6592607588229005, 0.6377564620469147, 0.49625007973523233, 0.2717646108477585]","[16743, 13858, 7918, 2649]","[2503, 5388, 11328, 16597]"
