threshold,total_profit,sharpe_ratio,num_trades,no_trades
0.0,"[25.78712345994389, 25.499106700425976, 26.462266996691014, 23.822224645847736]","[0.03786021712450774, 0.037892253883105305, 0.04006092111624279, 0.03730823338827096]","[19246, 18525, 17819, 16421]","[0, 721, 1427, 2825]"
0.00025,"[40.17004665224308, 41.2126957059483, 41.56473067110483, 40.568011214662526]","[0.059037374221459445, 0.061231542247776966, 0.0624000054898907, 0.06241968658435381]","[19246, 18582, 17984, 16708]","[0, 664, 1262, 2538]"
0.0005,"[63.47637633932173, 58.613972561541274, 44.60488008051579, 19.98706388430549]","[0.12172395684126378, 0.11679937622114868, 0.09826245331991855, 0.05587927644263809]","[8900, 7124, 4016, 1310]","[10346, 12122, 15230, 17936]"
0.001,"[375.16205075236917, 363.8734752608914, 294.485468780745, 157.9959426264381]","[0.6592607588229005, 0.6377564620469147, 0.49625007973523233, 0.2717646108477585]","[16743, 13858, 7918, 2649]","[2503, 5388, 11328, 16597]"
