threshold,total_profit,sharpe_ratio,num_trades,no_trades
0.0,"[37.26528010213379, 20.7726460431256, 7.2523829273762095, 1.7344979572445731]","[0.17697512887188613, 0.15062309345760425, 0.07594291196465887, 0.02972690878456882]","[14738, 3838, 776, 102]","[0, 10900, 13962, 14636]"
0.00025,"[41.929307969188926, 38.90617262096349, 36.69442738146763, 23.182858015409156]","[0.19995951242616272, 0.2119300265055443, 0.20821248103242798, 0.16141056245813143]","[14738, 9981, 9070, 4395]","[0, 4757, 5668, 10343]"
0.0005,"[33.0253813030716, 17.969426264614242, 6.230336282602074, 1.1355398928375917]","[0.20730467695596994, 0.1504709340818828, 0.07632362024582302, 0.021794229463157067]","[7616, 2917, 668, 62]","[7122, 11821, 14070, 14676]"
0.001,"[-27.544428818896947, -31.252831425386347, -26.15101670032071, -13.56046716517719]","[-0.1298906566646037, -0.17192569607110267, -0.16239586022302346, -0.11093462643874917]","[14738, 9671, 7506, 2809]","[0, 5067, 7232, 11929]"
