pair_name,pearson_r,pearson_p_value,eg_statistic,eg_p_value,eg_crit_1pct,eg_crit_5pct,eg_crit_10pct,cointegrated,hedge_ratio_beta,adf_statistic,adf_p_value,adf_lags_used,adf_crit_1pct,adf_crit_5pct,adf_crit_10pct,spread_stationary,half_life_bars,ar1_lambda
itau3/itau4,0.990866765613434,0.0,-4.0138558658544685,0.006861271132788068,-3.8965535112604988,-3.336193327018582,-3.044493956928369,True,0.7394905765411316,-4.014138152546014,0.0013382625006095315,62,-3.4304178199835498,-2.8615699753579458,-2.5667859548362624,True,26080.82743831055,-2.6576886112967803e-05
