threshold,total_profit,sharpe_ratio,num_trades,no_trades
0.0,"[15.73072331747979, 15.017513425666348, 14.909893238318034, 15.62921779442386]","[0.07376291430647788, 0.07212381585816074, 0.07311476061683957, 0.08033651969494862]","[14738, 14013, 13186, 11722]","[0, 725, 1552, 3016]"
0.00025,"[24.013190166212105, 23.67377561940073, 23.71404935283116, 23.597258393433442]","[0.11300993559337014, 0.11399166881036207, 0.11678070662567719, 0.12119964652355074]","[14738, 14032, 13211, 11720]","[0, 706, 1527, 3018]"
0.0005,"[22.88823850505707, 22.578372834183423, 21.533992870758983, 9.753651034699462]","[0.1616392252895718, 0.16644876222076047, 0.16151942774961442, 0.09917400464877346]","[5476, 4922, 4647, 1551]","[9262, 9816, 10091, 13187]"
0.001,"[5.677114847849996, 5.593336423208191, 5.781579284319063, 5.6920997940444]","[0.026557786151183038, 0.026728124949533607, 0.028265258043948426, 0.02898861552931716]","[14738, 14016, 13180, 11729]","[0, 722, 1558, 3009]"
