pair_name,pearson_r,pearson_p_value,eg_statistic,eg_p_value,eg_crit_1pct,eg_crit_5pct,eg_crit_10pct,cointegrated,adf_statistic,adf_p_value,adf_lags_used,adf_crit_1pct,adf_crit_5pct,adf_crit_10pct,spread_stationary
petr3/petr4,0.9800742876979167,0.0,-3.779225553212462,0.014444965568803196,-3.8965548672913823,-3.3361940835218693,-3.044494482034331,True,-3.734472248892707,0.0036535863214168024,28,-3.4304186062181947,-2.8615703228571814,-2.5667861397986704,True
